Roll_Number,Name,Ethnicity,Gender,Math,Science,English,History,Geography,Percentage
101,Student1,Asian,M,78,82,75,68,70,78
102,Student2,Europe,F,85,79,80,74,76,98
103,Student3,Latino,F,92,88,85,80,82,76
104,Student4,Asian,F,66,72,70,60,64,99
105,Student5,Europe,M,74,91,77,70,73,67
106,Student6,Latino,F,88,85,82,78,80,58
107,Student7,Asian,M,95,93,88,85,87,76
108,Student8,Europe,M,60,67,65,55,60,59
109,Student9,Latino,M,82,80,78,72,75,99
110,Student10,Munidesh,F,70,75,72,65,68,76
111,Student11,Munidesh,F,89,90,86,81,83,89
